food_name,category_name,is_animal,fdc_id,protein_g,fat_g,carbohydrate_g,energy_kcal,histidine_mg,isoleucine_mg,leucine_mg,lysine_mg,methionine_mg,cysteine_mg,phenylalanine_mg,tyrosine_mg,threonine_mg,tryptophan_mg,valine_mg
Chicken breast raw,Meat,1,171077,23.09,1.24,0.00,120,705,1089,1722,2026,587,272,904,729,966,266,1089
Beef lean ground raw,Meat,1,174035,21.41,10.88,0.00,187,702,971,1742,1844,577,248,857,712,928,222,1079
Pork loin raw,Meat,1,167903,20.92,5.66,0.00,143,815,964,1674,1847,566,240,836,717,914,258,1124
Turkey breast raw,Meat,1,171493,23.66,1.48,0.00,114,710,1150,1820,2220,644,253,903,793,1030,245,1169
Salmon Atlantic raw,Seafood,1,175167,20.42,13.42,0.00,208,621,940,1659,1872,608,218,797,689,895,228,1051
Tuna yellowfin raw,Seafood,1,175137,24.40,0.49,0.00,109,816,1162,1997,2245,774,268,960,834,1095,272,1307
Cod Atlantic raw,Seafood,1,171955,17.81,0.67,0.00,82,513,820,1442,1632,527,189,692,600,779,199,916
Tilapia raw,Seafood,1,175168,20.08,1.70,0.00,96,526,924,1632,1843,594,215,783,678,880,224,1035
Shrimp raw,Seafood,1,171982,20.10,1.73,0.20,99,469,984,1612,1768,577,215,812,706,810,269,964
Egg whole raw,Dairy_Eggs,1,748967,12.56,9.51,0.72,143,309,672,1086,912,380,280,680,499,556,167,858
Cow milk whole,Dairy_Eggs,1,171265,3.28,3.25,4.78,61,89,163,322,265,82,30,158,142,148,46,214
Greek yogurt plain whole,Dairy_Eggs,1,171284,8.78,4.25,3.98,95,236,522,848,779,234,71,450,415,386,50,564
Cheddar cheese,Dairy_Eggs,1,173414,22.87,33.31,3.37,403,738,1546,2385,1921,652,121,1311,1200,886,320,1663
Cottage cheese,Dairy_Eggs,1,173417,11.12,4.30,3.38,98,347,634,1166,862,299,114,585,608,504,149,703
Whey protein isolate,Dairy_Eggs,1,174308,88.00,1.50,5.00,390,1580,5280,9240,7920,2200,2200,2640,2640,6160,1500,5000
Lentils cooked,Legumes,0,172420,9.02,0.38,20.13,116,266,453,814,630,78,105,475,243,332,90,504
Black beans cooked,Legumes,0,173735,8.86,0.54,23.71,132,230,375,722,610,124,88,474,234,367,96,466
Kidney beans cooked,Legumes,0,173744,8.67,0.50,22.80,127,229,381,716,601,128,91,471,232,361,94,458
Chickpeas cooked,Legumes,0,173757,8.86,2.59,27.42,164,261,378,631,611,123,130,466,261,338,85,416
Soybeans cooked,Legumes,0,174291,16.64,8.97,9.93,173,452,810,1282,1108,224,216,860,649,691,222,830
Tofu firm,Legumes,0,172476,17.19,8.72,2.75,145,464,819,1274,1056,211,201,814,614,657,211,796
Tempeh,Legumes,0,174272,20.29,10.80,7.64,193,557,1039,1622,908,175,82,1038,687,796,194,913
Edamame,Legumes,0,174271,11.22,5.20,8.91,121,312,550,895,712,158,135,611,448,471,150,585
Peanuts raw,Legumes,0,172435,25.80,49.24,16.13,567,653,907,1672,926,317,331,1337,1049,883,250,1082
Pinto beans cooked,Legumes,0,173749,9.01,0.65,26.22,143,226,388,731,613,134,90,483,237,373,98,471
Navy beans cooked,Legumes,0,173756,8.23,0.62,26.05,140,227,363,676,568,127,85,459,226,351,91,446
Rice white cooked,Grains,0,169756,2.69,0.28,28.17,130,59,112,221,99,58,28,141,107,96,31,159
Rice brown cooked,Grains,0,169704,2.74,0.97,25.58,123,68,120,219,100,51,31,137,98,94,30,155
Wheat flour whole,Grains,0,169737,13.21,2.50,71.97,340,338,454,892,359,234,325,667,415,394,183,596
Oats rolled raw,Grains,0,173904,16.89,6.90,66.27,389,405,694,1284,701,312,408,895,573,575,234,937
Quinoa cooked,Grains,0,168917,4.40,1.92,21.30,120,120,167,299,219,97,76,183,102,138,52,175
Corn yellow raw,Grains,0,170288,3.27,1.35,18.70,86,87,129,348,137,67,60,149,123,129,23,182
Barley pearled cooked,Grains,0,170284,2.26,0.44,28.22,123,45,77,157,70,36,34,120,63,71,30,112
Buckwheat cooked,Grains,0,170287,3.38,0.62,19.94,92,79,144,223,204,168,72,162,75,128,48,195
Millet cooked,Grains,0,168998,3.51,1.00,23.67,119,70,134,410,136,113,68,198,90,131,61,195
Rye flour whole,Grains,0,169713,10.34,1.63,75.43,324,244,391,702,362,186,220,542,206,360,131,543
Pasta whole wheat cooked,Grains,0,168928,5.99,1.33,26.54,131,139,226,431,136,99,131,301,171,176,65,247
Almonds raw,Nuts_Seeds,0,170567,21.15,49.93,21.55,579,543,751,1473,568,151,215,1132,452,614,211,817
Walnuts English,Nuts_Seeds,0,170187,15.23,65.21,13.71,654,391,624,1170,424,236,208,711,583,596,170,753
Cashews raw,Nuts_Seeds,0,170162,18.22,43.85,30.19,553,455,789,1472,928,362,393,951,508,688,287,1094
Pumpkin seeds roasted,Nuts_Seeds,0,170582,30.23,49.05,14.71,559,782,1281,2419,1236,551,264,1733,1093,998,576,1560
Sunflower seeds raw,Nuts_Seeds,0,170562,20.78,51.46,20.00,584,535,694,1342,710,494,363,950,505,725,348,1076
Sesame seeds raw,Nuts_Seeds,0,170150,17.73,49.67,23.45,573,499,750,1358,569,476,311,941,743,730,371,886
Chia seeds,Nuts_Seeds,0,170554,16.54,30.74,42.12,486,531,801,1371,970,588,407,880,563,709,436,950
Hemp seeds shelled,Nuts_Seeds,0,170148,31.56,48.75,8.67,553,838,1286,2163,1276,933,933,1447,1125,1162,369,1280
Flaxseeds,Nuts_Seeds,0,169414,18.29,42.16,28.88,534,472,710,1235,862,370,370,957,440,766,297,805
Pistachios raw,Nuts_Seeds,0,170184,20.27,45.39,27.51,562,512,930,1542,1142,335,464,1101,529,667,271,1246
Broccoli raw,Vegetables,0,170379,2.82,0.37,6.64,34,61,79,129,135,38,28,117,50,88,33,125
Spinach raw,Vegetables,0,168462,2.86,0.39,3.63,23,64,147,223,174,53,30,129,108,122,39,161
Kale raw,Vegetables,0,168421,4.28,0.93,8.75,49,128,172,231,245,49,45,170,148,180,49,215
Potato raw,Vegetables,0,170026,2.05,0.09,17.49,77,34,66,109,124,27,23,92,73,70,22,110
Sweet potato raw,Vegetables,0,168482,1.57,0.05,20.12,86,30,54,90,99,32,26,99,55,83,31,75
Peas green raw,Vegetables,0,170419,5.42,0.40,14.45,81,125,195,317,386,82,35,200,85,203,37,235
Mushrooms white raw,Vegetables,0,169251,3.09,0.34,3.26,22,57,76,123,107,31,35,85,38,107,35,63
Spirulina dried,Other,0,170495,57.47,7.72,23.90,290,1085,3209,4947,3025,1149,662,2777,2584,2970,929,3512
Nutritional yeast,Other,0,748525,45.60,6.00,37.70,340,1093,2610,4470,3590,624,617,1978,1834,2370,520,2690
Bread whole wheat,Grains,0,172687,13.36,3.50,41.29,247,285,453,827,315,203,287,570,372,350,156,481
Pea protein isolate,Legumes,0,787907,81.00,5.00,5.00,400,1960,6400,7400,5500,750,1100,4200,2000,2700,640,3900
Beef liver raw,Meat,1,168612,20.36,3.63,3.89,135,519,1025,1929,1610,514,392,1122,784,898,315,1374
Lamb lean raw,Meat,1,172526,20.29,5.25,0.00,134,789,991,1694,1790,501,254,840,679,894,254,1095
Duck meat raw,Meat,1,171089,18.28,5.95,0.00,123,603,979,1551,1690,537,225,793,661,869,220,990
